# KSB SE & Co. KGaA: Konzernabschluss (IFRS) aus den Geschäftsberichten 2021-2025, Beträge in Mio. EUR
metric;fiscal_year;value;report_year;page
capex;2020;83.073;2021;90
cash;2020;331.512;2021;84
current_assets;2020;1463.437;2021;84
current_liabilities;2020;689.232;2021;85
d_and_a;2020;99.906;2021;86
debt_current;2020;32.033;2021;85
debt_noncurrent;2020;50.624;2021;85
dividends_paid;2020;15.111;2021;90
ebit;2020;70.172;2021;86
ebt;2020;61.596;2021;86
eps;2020;-5.63;2021;86
equity;2020;703.803;2021;85
equity_parent;2020;527.874;2021;85
income_tax;2020;57.216;2021;86
interest_expense;2020;12.1;2021;86
net_income;2020;4.38;2021;86
net_income_parent;2020;-9.635;2021;86
noncurrent_assets;2020;676.526;2021;84
noncurrent_liabilities;2020;746.929;2021;85
operating_cash_flow;2020;183.855;2021;90
pensions;2020;684.858;2021;85
revenue;2020;2207.881;2021;86
total_assets;2020;2139.964;2021;84
capex;2021;73.972;2021;90
cash;2021;386.683;2021;84
current_assets;2021;1594.115;2021;84
current_liabilities;2021;778.258;2021;85
d_and_a;2021;80.892;2021;86
debt_current;2021;51.898;2021;85
debt_noncurrent;2021;27.067;2021;85
dividends_paid;2021;7.23;2021;90
ebit;2021;141.161;2021;86
ebt;2021;139.935;2021;86
eps;2021;53.34;2021;86
equity;2021;869.123;2021;85
equity_parent;2021;674.751;2021;85
income_tax;2021;29.612;2021;86
interest_expense;2021;11.494;2021;86
net_income;2021;110.323;2021;86
net_income_parent;2021;93.648;2021;86
noncurrent_assets;2021;720.325;2021;84
noncurrent_liabilities;2021;667.058;2021;85
operating_cash_flow;2021;163.916;2021;90
pensions;2021;629.245;2021;85
revenue;2021;2343.577;2021;86
total_assets;2021;2314.44;2021;84
capex;2022;102.393;2022;98
cash;2022;228.57;2022;92
current_assets;2022;1721.069;2022;92
current_liabilities;2022;848.91;2022;93
d_and_a;2022;90.419;2022;94
debt_current;2022;26.63;2022;93
debt_noncurrent;2022;24.116;2022;93
dividends_paid;2022;21.241;2022;98
ebit;2022;169.103;2022;94
ebt;2022;160.668;2022;94
eps;2022;59.05;2022;94
equity;2022;1125.572;2022;93
equity_parent;2022;915.919;2022;93
income_tax;2022;33.33;2022;94
interest_expense;2022;17.712;2022;94
net_income;2022;127.338;2022;94
net_income_parent;2022;103.649;2022;94
noncurrent_assets;2022;757.822;2022;92
noncurrent_liabilities;2022;504.409;2022;93
operating_cash_flow;2022;2.109;2022;98
pensions;2022;466.4;2022;93
revenue;2022;2573.387;2022;94
total_assets;2022;2478.89;2022;92
capex;2023;106.461;2023;110
cash;2023;340.42;2023;104
current_assets;2023;1817.524;2023;104
current_liabilities;2023;902.286;2023;105
d_and_a;2023;88.094;2023;106
debt_current;2023;26.053;2023;105
debt_noncurrent;2023;28.96;2023;105
dividends_paid;2023;34.376;2023;110
ebit;2023;223.902;2023;106
ebt;2023;208.989;2023;106
eps;2023;86.83;2023;106
equity;2023;1216.899;2023;105
equity_parent;2023;1000.434;2023;105
income_tax;2023;32.376;2023;106
interest_expense;2023;29.656;2023;106
net_income;2023;176.613;2023;106
net_income_parent;2023;152.295;2023;106
noncurrent_assets;2023;852.295;2023;104
noncurrent_liabilities;2023;550.634;2023;105
operating_cash_flow;2023;280.304;2023;110
pensions;2023;496.114;2023;105
revenue;2023;2818.988;2023;106
total_assets;2023;2669.819;2023;104
capex;2024;135.0;2024;184
cash;2024;369.3;2024;179
current_assets;2024;1938.0;2024;179
current_liabilities;2024;983.0;2024;180
d_and_a;2024;97.4;2024;181
debt_current;2024;20.8;2024;180
debt_noncurrent;2024;37.8;2024;180
dividends_paid;2024;45.8;2024;184
ebit;2024;244.2;2024;181
ebt;2024;231.2;2024;181
eps;2024;67.29;2024;181
equity;2024;1335.4;2024;180
equity_parent;2024;1092.5;2024;180
income_tax;2024;84.4;2024;181
interest_expense;2024;33.1;2024;181
net_income;2024;146.8;2024;181
net_income_parent;2024;118.1;2024;181
noncurrent_assets;2024;929.9;2024;179
noncurrent_liabilities;2024;549.5;2024;180
operating_cash_flow;2024;268.6;2024;184
pensions;2024;489.6;2024;180
revenue;2024;2965.2;2024;181
total_assets;2024;2867.9;2024;179
capex;2025;153.8;2025;208
cash;2025;338.6;2025;203
current_assets;2025;1914.1;2025;203
current_liabilities;2025;977.4;2025;204
d_and_a;2025;96.4;2025;205
debt_current;2025;22.3;2025;204
debt_noncurrent;2025;39.0;2025;204
dividends_paid;2025;46.6;2025;208
ebit;2025;252.1;2025;205
ebt;2025;241.1;2025;205
eps;2025;80.31;2025;205
equity;2025;1391.2;2025;204
equity_parent;2025;1160.8;2025;204
income_tax;2025;74.7;2025;205
interest_expense;2025;27.8;2025;205
net_income;2025;166.4;2025;205
net_income_parent;2025;140.9;2025;205
noncurrent_assets;2025;969.2;2025;203
noncurrent_liabilities;2025;514.7;2025;204
operating_cash_flow;2025;196.0;2025;208
pensions;2025;455.2;2025;204
revenue;2025;3034.7;2025;205
total_assets;2025;2883.3;2025;203
